entry_id,contest_id,contest_name,entry_fee,QB,RB,RB,WR,WR,WR,TE,FLEX,DEF
3736988188,134747-280845235,$40K Sun NFL Pooch Punt (Guaranteed Overlay!),0.05,134747-85607:Brock Purdy,134747-91598:D'Andre Swift,134747-39280:Derrick Henry,134747-86631:CeeDee Lamb,134747-103083:Theo Wease Jr.,134747-112295:Zay Flowers,134747-39793:George Kittle,134747-184873:Kenyon Sadiq,134747-12537:Las Vegas Raiders
3736988189,134747-280845235,$40K Sun NFL Pooch Punt (Guaranteed Overlay!),0.05,134747-62239:Josh Allen,134747-91598:D'Andre Swift,134747-39280:Derrick Henry,134747-169776:Christian Watson,134747-70422:Kalif Raymond,134747-103083:Theo Wease Jr.,134747-145558:Dalton Kincaid,134747-103342:Kenneth Walker III,134747-12527:Chicago Bears
3736988190,134747-280845235,$40K Sun NFL Pooch Punt (Guaranteed Overlay!),0.05,134747-62239:Josh Allen,134747-91626:James Cook III,134747-103342:Kenneth Walker III,134747-169776:Christian Watson,134747-45889:Davante Adams,134747-87418:Joshua Palmer,134747-56265:Mike Gesicki,134747-33076:Travis Kelce,134747-12528:Cincinnati Bengals
3736988191,134747-280845235,$40K Sun NFL Pooch Punt (Guaranteed Overlay!),0.05,134747-62239:Josh Allen,134747-91598:D'Andre Swift,134747-103342:Kenneth Walker III,134747-45889:Davante Adams,134747-87418:Joshua Palmer,134747-112295:Zay Flowers,134747-151794:Brock Bowers,134747-152522:Phil Mafah,134747-12528:Cincinnati Bengals
3736988192,134747-280845235,$40K Sun NFL Pooch Punt (Guaranteed Overlay!),0.05,134747-22038:Kirk Cousins,134747-91598:D'Andre Swift,134747-103342:Kenneth Walker III,134747-129458:Jaxon Smith-Njigba,134747-103083:Theo Wease Jr.,134747-112295:Zay Flowers,134747-151794:Brock Bowers,134747-33076:Travis Kelce,134747-12528:Cincinnati Bengals
3736988193,134747-280845235,$40K Sun NFL Pooch Punt (Guaranteed Overlay!),0.05,134747-62239:Josh Allen,134747-167031:Ashton Jeanty,134747-39280:Derrick Henry,134747-45889:Davante Adams,134747-70422:Kalif Raymond,134747-103083:Theo Wease Jr.,134747-145558:Dalton Kincaid,134747-184873:Kenyon Sadiq,134747-12540:Minnesota Vikings
3736988194,134747-280845235,$40K Sun NFL Pooch Punt (Guaranteed Overlay!),0.05,134747-57439:Patrick Mahomes,134747-103342:Kenneth Walker III,134747-152522:Phil Mafah,134747-86631:CeeDee Lamb,134747-129458:Jaxon Smith-Njigba,134747-70422:Kalif Raymond,134747-151794:Brock Bowers,134747-33076:Travis Kelce,134747-12527:Chicago Bears
3736988195,134747-280845235,$40K Sun NFL Pooch Punt (Guaranteed Overlay!),0.05,134747-85607:Brock Purdy,134747-39280:Derrick Henry,134747-152522:Phil Mafah,134747-129458:Jaxon Smith-Njigba,134747-103083:Theo Wease Jr.,134747-112295:Zay Flowers,134747-151794:Brock Bowers,134747-39793:George Kittle,134747-12541:New England Patriots
3736988198,134747-280845235,$40K Sun NFL Pooch Punt (Guaranteed Overlay!),0.05,134747-62239:Josh Allen,134747-91598:D'Andre Swift,134747-103342:Kenneth Walker III,134747-129458:Jaxon Smith-Njigba,134747-87418:Joshua Palmer,134747-70422:Kalif Raymond,134747-184873:Kenyon Sadiq,134747-33076:Travis Kelce,134747-12554:Jacksonville Jaguars
3736988199,134747-280845235,$40K Sun NFL Pooch Punt (Guaranteed Overlay!),0.05,134747-62239:Josh Allen,134747-39280:Derrick Henry,134747-152522:Phil Mafah,134747-169776:Christian Watson,134747-45889:Davante Adams,134747-103564:Garrett Wilson,134747-145558:Dalton Kincaid,134747-56265:Mike Gesicki,134747-12537:Las Vegas Raiders
3736988200,134747-280845235,$40K Sun NFL Pooch Punt (Guaranteed Overlay!),0.05,134747-62239:Josh Allen,134747-39280:Derrick Henry,134747-103342:Kenneth Walker III,134747-169776:Christian Watson,134747-103083:Theo Wease Jr.,134747-112295:Zay Flowers,134747-145558:Dalton Kincaid,134747-56265:Mike Gesicki,134747-12528:Cincinnati Bengals
3736988201,134747-280845235,$40K Sun NFL Pooch Punt (Guaranteed Overlay!),0.05,134747-62239:Josh Allen,134747-103342:Kenneth Walker III,134747-152522:Phil Mafah,134747-86631:CeeDee Lamb,134747-169776:Christian Watson,134747-45889:Davante Adams,134747-145558:Dalton Kincaid,134747-56265:Mike Gesicki,134747-12548:Los Angeles Chargers
3736988203,134747-280845235,$40K Sun NFL Pooch Punt (Guaranteed Overlay!),0.05,134747-62239:Josh Allen,134747-39280:Derrick Henry,134747-152522:Phil Mafah,134747-86631:CeeDee Lamb,134747-169776:Christian Watson,134747-70422:Kalif Raymond,134747-145558:Dalton Kincaid,134747-112295:Zay Flowers,134747-12528:Cincinnati Bengals
3736988204,134747-280845235,$40K Sun NFL Pooch Punt (Guaranteed Overlay!),0.05,134747-62239:Josh Allen,134747-103342:Kenneth Walker III,134747-152522:Phil Mafah,134747-169776:Christian Watson,134747-129458:Jaxon Smith-Njigba,134747-103083:Theo Wease Jr.,134747-151794:Brock Bowers,134747-145558:Dalton Kincaid,134747-12554:Jacksonville Jaguars
3736988205,134747-280845235,$40K Sun NFL Pooch Punt (Guaranteed Overlay!),0.05,134747-22038:Kirk Cousins,134747-39280:Derrick Henry,134747-103342:Kenneth Walker III,134747-169776:Christian Watson,134747-103564:Garrett Wilson,134747-103083:Theo Wease Jr.,134747-151794:Brock Bowers,134747-152522:Phil Mafah,134747-12540:Minnesota Vikings
3736988207,134747-280845235,$40K Sun NFL Pooch Punt (Guaranteed Overlay!),0.05,134747-69017:Jordan Love,134747-39280:Derrick Henry,134747-152522:Phil Mafah,134747-86631:CeeDee Lamb,134747-129458:Jaxon Smith-Njigba,134747-166916:Matthew Golden,134747-151794:Brock Bowers,134747-95370:Ryan Miller,134747-12537:Las Vegas Raiders
3736988209,134747-280845235,$40K Sun NFL Pooch Punt (Guaranteed Overlay!),0.05,134747-62239:Josh Allen,134747-167031:Ashton Jeanty,134747-152522:Phil Mafah,134747-86631:CeeDee Lamb,134747-63043:DJ Moore,134747-112295:Zay Flowers,134747-151794:Brock Bowers,134747-56265:Mike Gesicki,134747-12537:Las Vegas Raiders
3736988210,134747-280845235,$40K Sun NFL Pooch Punt (Guaranteed Overlay!),0.05,134747-22038:Kirk Cousins,134747-91598:D'Andre Swift,134747-93541:Javonte Williams,134747-129458:Jaxon Smith-Njigba,134747-70422:Kalif Raymond,134747-112295:Zay Flowers,134747-151794:Brock Bowers,134747-56265:Mike Gesicki,134747-12528:Cincinnati Bengals
3736988211,134747-280845235,$40K Sun NFL Pooch Punt (Guaranteed Overlay!),0.05,134747-57439:Patrick Mahomes,134747-91598:D'Andre Swift,134747-152522:Phil Mafah,134747-169776:Christian Watson,134747-129458:Jaxon Smith-Njigba,134747-112295:Zay Flowers,134747-151794:Brock Bowers,134747-33076:Travis Kelce,134747-12554:Jacksonville Jaguars
3736988213,134747-280845235,$40K Sun NFL Pooch Punt (Guaranteed Overlay!),0.05,134747-62239:Josh Allen,134747-39280:Derrick Henry,134747-152522:Phil Mafah,134747-169776:Christian Watson,134747-129458:Jaxon Smith-Njigba,134747-112295:Zay Flowers,134747-145558:Dalton Kincaid,134747-95370:Ryan Miller,134747-12537:Las Vegas Raiders
3736988215,134747-280845235,$40K Sun NFL Pooch Punt (Guaranteed Overlay!),0.05,134747-57439:Patrick Mahomes,134747-39280:Derrick Henry,134747-103342:Kenneth Walker III,134747-86631:CeeDee Lamb,134747-166916:Matthew Golden,134747-103083:Theo Wease Jr.,134747-56265:Mike Gesicki,134747-33076:Travis Kelce,134747-12540:Minnesota Vikings
3736988216,134747-280845235,$40K Sun NFL Pooch Punt (Guaranteed Overlay!),0.05,134747-62239:Josh Allen,134747-167031:Ashton Jeanty,134747-103342:Kenneth Walker III,134747-63043:DJ Moore,134747-45889:Davante Adams,134747-70422:Kalif Raymond,134747-56265:Mike Gesicki,134747-33076:Travis Kelce,134747-12528:Cincinnati Bengals
3736988218,134747-280845235,$40K Sun NFL Pooch Punt (Guaranteed Overlay!),0.05,134747-6654:Matthew Stafford,134747-91626:James Cook III,134747-103342:Kenneth Walker III,134747-45889:Davante Adams,134747-166916:Matthew Golden,134747-112295:Zay Flowers,134747-184873:Kenyon Sadiq,134747-56265:Mike Gesicki,134747-12544:New York Jets
3736988219,134747-280845235,$40K Sun NFL Pooch Punt (Guaranteed Overlay!),0.05,134747-62239:Josh Allen,134747-91598:D'Andre Swift,134747-103342:Kenneth Walker III,134747-129458:Jaxon Smith-Njigba,134747-87418:Joshua Palmer,134747-70422:Kalif Raymond,134747-151794:Brock Bowers,134747-56265:Mike Gesicki,134747-12528:Cincinnati Bengals
3736988221,134747-280845235,$40K Sun NFL Pooch Punt (Guaranteed Overlay!),0.05,134747-69017:Jordan Love,134747-39280:Derrick Henry,134747-103342:Kenneth Walker III,134747-70422:Kalif Raymond,134747-166916:Matthew Golden,134747-112295:Zay Flowers,134747-151794:Brock Bowers,134747-87260:Isaiah Likely,134747-12528:Cincinnati Bengals
3736988222,134747-280845235,$40K Sun NFL Pooch Punt (Guaranteed Overlay!),0.05,134747-62239:Josh Allen,134747-103342:Kenneth Walker III,134747-152522:Phil Mafah,134747-86631:CeeDee Lamb,134747-129458:Jaxon Smith-Njigba,134747-87418:Joshua Palmer,134747-151794:Brock Bowers,134747-95370:Ryan Miller,134747-12554:Jacksonville Jaguars
3736988224,134747-280845235,$40K Sun NFL Pooch Punt (Guaranteed Overlay!),0.05,134747-62239:Josh Allen,134747-91598:D'Andre Swift,134747-39280:Derrick Henry,134747-169776:Christian Watson,134747-63043:DJ Moore,134747-70422:Kalif Raymond,134747-151794:Brock Bowers,134747-56265:Mike Gesicki,134747-12537:Las Vegas Raiders
3736988227,134747-280845235,$40K Sun NFL Pooch Punt (Guaranteed Overlay!),0.05,134747-22038:Kirk Cousins,134747-91598:D'Andre Swift,134747-91626:James Cook III,134747-169776:Christian Watson,134747-45889:Davante Adams,134747-166916:Matthew Golden,134747-151794:Brock Bowers,134747-56265:Mike Gesicki,134747-12537:Las Vegas Raiders
3736988229,134747-280845235,$40K Sun NFL Pooch Punt (Guaranteed Overlay!),0.05,134747-85607:Brock Purdy,134747-91598:D'Andre Swift,134747-91626:James Cook III,134747-169776:Christian Watson,134747-129458:Jaxon Smith-Njigba,134747-91401:Ronnie Bell,134747-39793:George Kittle,134747-33076:Travis Kelce,134747-12528:Cincinnati Bengals
3736988231,134747-280845235,$40K Sun NFL Pooch Punt (Guaranteed Overlay!),0.05,134747-85607:Brock Purdy,134747-103342:Kenneth Walker III,134747-152522:Phil Mafah,134747-45889:Davante Adams,134747-103564:Garrett Wilson,134747-129458:Jaxon Smith-Njigba,134747-56265:Mike Gesicki,134747-134014:Jordan Watkins,134747-12528:Cincinnati Bengals
3736988233,134747-280845235,$40K Sun NFL Pooch Punt (Guaranteed Overlay!),0.05,134747-22038:Kirk Cousins,134747-39280:Derrick Henry,134747-103342:Kenneth Walker III,134747-169776:Christian Watson,134747-103083:Theo Wease Jr.,134747-112295:Zay Flowers,134747-151794:Brock Bowers,134747-33076:Travis Kelce,134747-12541:New England Patriots
3736988235,134747-280845235,$40K Sun NFL Pooch Punt (Guaranteed Overlay!),0.05,134747-26483:Geno Smith,134747-91598:D'Andre Swift,134747-39280:Derrick Henry,134747-103564:Garrett Wilson,134747-129458:Jaxon Smith-Njigba,134747-103083:Theo Wease Jr.,134747-151794:Brock Bowers,134747-56265:Mike Gesicki,134747-12537:Las Vegas Raiders
3736988237,134747-280845235,$40K Sun NFL Pooch Punt (Guaranteed Overlay!),0.05,134747-69017:Jordan Love,134747-39280:Derrick Henry,134747-103308:Jawhar Jordan,134747-169776:Christian Watson,134747-129458:Jaxon Smith-Njigba,134747-166916:Matthew Golden,134747-151794:Brock Bowers,134747-56265:Mike Gesicki,134747-12537:Las Vegas Raiders
3736988239,134747-280845235,$40K Sun NFL Pooch Punt (Guaranteed Overlay!),0.05,134747-63115:Lamar Jackson,134747-103342:Kenneth Walker III,134747-152522:Phil Mafah,134747-169776:Christian Watson,134747-129458:Jaxon Smith-Njigba,134747-112295:Zay Flowers,134747-184873:Kenyon Sadiq,134747-33076:Travis Kelce,134747-12541:New England Patriots
3736988241,134747-280845235,$40K Sun NFL Pooch Punt (Guaranteed Overlay!),0.05,134747-62239:Josh Allen,134747-39280:Derrick Henry,134747-152522:Phil Mafah,134747-86631:CeeDee Lamb,134747-129458:Jaxon Smith-Njigba,134747-70422:Kalif Raymond,134747-145558:Dalton Kincaid,134747-56265:Mike Gesicki,134747-12537:Las Vegas Raiders
3736988243,134747-280845235,$40K Sun NFL Pooch Punt (Guaranteed Overlay!),0.05,134747-85607:Brock Purdy,134747-93541:Javonte Williams,134747-152522:Phil Mafah,134747-86631:CeeDee Lamb,134747-169776:Christian Watson,134747-112295:Zay Flowers,134747-151794:Brock Bowers,134747-39793:George Kittle,134747-12537:Las Vegas Raiders
3736988244,134747-280845235,$40K Sun NFL Pooch Punt (Guaranteed Overlay!),0.05,134747-62239:Josh Allen,134747-104433:Kyren Williams,134747-152522:Phil Mafah,134747-169776:Christian Watson,134747-103564:Garrett Wilson,134747-112295:Zay Flowers,134747-151794:Brock Bowers,134747-145558:Dalton Kincaid,134747-12537:Las Vegas Raiders
3736988245,134747-280845235,$40K Sun NFL Pooch Punt (Guaranteed Overlay!),0.05,134747-85607:Brock Purdy,134747-39280:Derrick Henry,134747-93541:Javonte Williams,134747-86631:CeeDee Lamb,134747-70422:Kalif Raymond,134747-166916:Matthew Golden,134747-39793:George Kittle,134747-56265:Mike Gesicki,134747-12528:Cincinnati Bengals
3736988247,134747-280845235,$40K Sun NFL Pooch Punt (Guaranteed Overlay!),0.05,134747-57439:Patrick Mahomes,134747-39280:Derrick Henry,134747-152522:Phil Mafah,134747-86631:CeeDee Lamb,134747-129458:Jaxon Smith-Njigba,134747-112295:Zay Flowers,134747-33076:Travis Kelce,134747-47870:Tyler Higbee,134747-12528:Cincinnati Bengals
3736988249,134747-280845235,$40K Sun NFL Pooch Punt (Guaranteed Overlay!),0.05,134747-62239:Josh Allen,134747-39280:Derrick Henry,134747-152522:Phil Mafah,134747-45889:Davante Adams,134747-129458:Jaxon Smith-Njigba,134747-87418:Joshua Palmer,134747-39793:George Kittle,134747-56265:Mike Gesicki,134747-12528:Cincinnati Bengals
3736988250,134747-280845235,$40K Sun NFL Pooch Punt (Guaranteed Overlay!),0.05,134747-62239:Josh Allen,134747-103342:Kenneth Walker III,134747-152522:Phil Mafah,134747-129458:Jaxon Smith-Njigba,134747-166916:Matthew Golden,134747-112295:Zay Flowers,134747-145558:Dalton Kincaid,134747-184873:Kenyon Sadiq,134747-12554:Jacksonville Jaguars
3736988251,134747-280845235,$40K Sun NFL Pooch Punt (Guaranteed Overlay!),0.05,134747-31716:Dak Prescott,134747-39280:Derrick Henry,134747-152522:Phil Mafah,134747-86631:CeeDee Lamb,134747-169776:Christian Watson,134747-112295:Zay Flowers,134747-151794:Brock Bowers,134747-56265:Mike Gesicki,134747-12537:Las Vegas Raiders
3736988252,134747-280845235,$40K Sun NFL Pooch Punt (Guaranteed Overlay!),0.05,134747-62239:Josh Allen,134747-39280:Derrick Henry,134747-103342:Kenneth Walker III,134747-169776:Christian Watson,134747-87418:Joshua Palmer,134747-166916:Matthew Golden,134747-33076:Travis Kelce,134747-152522:Phil Mafah,134747-12540:Minnesota Vikings
3736988253,134747-280845235,$40K Sun NFL Pooch Punt (Guaranteed Overlay!),0.05,134747-69017:Jordan Love,134747-103308:Jawhar Jordan,134747-103342:Kenneth Walker III,134747-129458:Jaxon Smith-Njigba,134747-166916:Matthew Golden,134747-112295:Zay Flowers,134747-151794:Brock Bowers,134747-33076:Travis Kelce,134747-12528:Cincinnati Bengals
3736988254,134747-280845235,$40K Sun NFL Pooch Punt (Guaranteed Overlay!),0.05,134747-62239:Josh Allen,134747-160620:Bhayshul Tuten,134747-91626:James Cook III,134747-129458:Jaxon Smith-Njigba,134747-70422:Kalif Raymond,134747-166916:Matthew Golden,134747-145558:Dalton Kincaid,134747-184873:Kenyon Sadiq,134747-12537:Las Vegas Raiders
3736988255,134747-280845235,$40K Sun NFL Pooch Punt (Guaranteed Overlay!),0.05,134747-22038:Kirk Cousins,134747-91598:D'Andre Swift,134747-103308:Jawhar Jordan,134747-169776:Christian Watson,134747-45889:Davante Adams,134747-129458:Jaxon Smith-Njigba,134747-151794:Brock Bowers,134747-56265:Mike Gesicki,134747-12528:Cincinnati Bengals
3736988256,134747-280845235,$40K Sun NFL Pooch Punt (Guaranteed Overlay!),0.05,134747-62239:Josh Allen,134747-167031:Ashton Jeanty,134747-152522:Phil Mafah,134747-169776:Christian Watson,134747-45889:Davante Adams,134747-166916:Matthew Golden,134747-145558:Dalton Kincaid,134747-112295:Zay Flowers,134747-12537:Las Vegas Raiders
3736988257,134747-280845235,$40K Sun NFL Pooch Punt (Guaranteed Overlay!),0.05,134747-6654:Matthew Stafford,134747-93541:Javonte Williams,134747-103308:Jawhar Jordan,134747-45889:Davante Adams,134747-129458:Jaxon Smith-Njigba,134747-112295:Zay Flowers,134747-151794:Brock Bowers,134747-56265:Mike Gesicki,134747-12537:Las Vegas Raiders
3736988258,134747-280845235,$40K Sun NFL Pooch Punt (Guaranteed Overlay!),0.05,134747-57439:Patrick Mahomes,134747-39280:Derrick Henry,134747-103342:Kenneth Walker III,134747-169776:Christian Watson,134747-92890:Cody White,134747-166916:Matthew Golden,134747-151794:Brock Bowers,134747-33076:Travis Kelce,134747-12528:Cincinnati Bengals
3736988260,134747-280845235,$40K Sun NFL Pooch Punt (Guaranteed Overlay!),0.05,134747-62239:Josh Allen,134747-103342:Kenneth Walker III,134747-152522:Phil Mafah,134747-169776:Christian Watson,134747-129458:Jaxon Smith-Njigba,134747-87418:Joshua Palmer,134747-151794:Brock Bowers,134747-33076:Travis Kelce,134747-12528:Cincinnati Bengals
3736988261,134747-280845235,$40K Sun NFL Pooch Punt (Guaranteed Overlay!),0.05,134747-69017:Jordan Love,134747-39280:Derrick Henry,134747-152522:Phil Mafah,134747-86631:CeeDee Lamb,134747-169776:Christian Watson,134747-129458:Jaxon Smith-Njigba,134747-87260:Isaiah Likely,134747-33076:Travis Kelce,134747-12528:Cincinnati Bengals
3736988262,134747-280845235,$40K Sun NFL Pooch Punt (Guaranteed Overlay!),0.05,134747-69017:Jordan Love,134747-91598:D'Andre Swift,134747-103308:Jawhar Jordan,134747-169776:Christian Watson,134747-129458:Jaxon Smith-Njigba,134747-70422:Kalif Raymond,134747-56265:Mike Gesicki,134747-103342:Kenneth Walker III,134747-12540:Minnesota Vikings
3736988263,134747-280845235,$40K Sun NFL Pooch Punt (Guaranteed Overlay!),0.05,134747-22038:Kirk Cousins,134747-39280:Derrick Henry,134747-152522:Phil Mafah,134747-169776:Christian Watson,134747-129458:Jaxon Smith-Njigba,134747-70422:Kalif Raymond,134747-151794:Brock Bowers,134747-56265:Mike Gesicki,134747-12540:Minnesota Vikings
3736988264,134747-280845235,$40K Sun NFL Pooch Punt (Guaranteed Overlay!),0.05,134747-85607:Brock Purdy,134747-167031:Ashton Jeanty,134747-103342:Kenneth Walker III,134747-70422:Kalif Raymond,134747-103619:Tre Tucker,134747-112295:Zay Flowers,134747-151794:Brock Bowers,134747-39793:George Kittle,134747-12548:Los Angeles Chargers
3736988265,134747-280845235,$40K Sun NFL Pooch Punt (Guaranteed Overlay!),0.05,134747-31716:Dak Prescott,134747-91598:D'Andre Swift,134747-39280:Derrick Henry,134747-86631:CeeDee Lamb,134747-45889:Davante Adams,134747-70422:Kalif Raymond,134747-184873:Kenyon Sadiq,134747-56265:Mike Gesicki,134747-12537:Las Vegas Raiders
3736988266,134747-280845235,$40K Sun NFL Pooch Punt (Guaranteed Overlay!),0.05,134747-85607:Brock Purdy,134747-39280:Derrick Henry,134747-103308:Jawhar Jordan,134747-56018:Deebo Samuel Sr.,134747-129458:Jaxon Smith-Njigba,134747-70422:Kalif Raymond,134747-56265:Mike Gesicki,134747-166916:Matthew Golden,134747-12540:Minnesota Vikings
3736988267,134747-280845235,$40K Sun NFL Pooch Punt (Guaranteed Overlay!),0.05,134747-6654:Matthew Stafford,134747-91598:D'Andre Swift,134747-103342:Kenneth Walker III,134747-86631:CeeDee Lamb,134747-169776:Christian Watson,134747-70422:Kalif Raymond,134747-47870:Tyler Higbee,134747-112295:Zay Flowers,134747-12527:Chicago Bears
3736988268,134747-280845235,$40K Sun NFL Pooch Punt (Guaranteed Overlay!),0.05,134747-62239:Josh Allen,134747-167031:Ashton Jeanty,134747-188171:Jeremiyah Love,134747-86631:CeeDee Lamb,134747-169776:Christian Watson,134747-166916:Matthew Golden,134747-145558:Dalton Kincaid,134747-56265:Mike Gesicki,134747-12537:Las Vegas Raiders
3736988269,134747-280845235,$40K Sun NFL Pooch Punt (Guaranteed Overlay!),0.05,134747-85607:Brock Purdy,134747-39280:Derrick Henry,134747-103308:Jawhar Jordan,134747-63634:Jakobi Meyers,134747-70422:Kalif Raymond,134747-112295:Zay Flowers,134747-39793:George Kittle,134747-103342:Kenneth Walker III,134747-12540:Minnesota Vikings
3736988270,134747-280845235,$40K Sun NFL Pooch Punt (Guaranteed Overlay!),0.05,134747-69017:Jordan Love,134747-103308:Jawhar Jordan,134747-103342:Kenneth Walker III,134747-86631:CeeDee Lamb,134747-169776:Christian Watson,134747-129458:Jaxon Smith-Njigba,134747-56265:Mike Gesicki,134747-33076:Travis Kelce,134747-12541:New England Patriots
3736988272,134747-280845235,$40K Sun NFL Pooch Punt (Guaranteed Overlay!),0.05,134747-62239:Josh Allen,134747-91598:D'Andre Swift,134747-152522:Phil Mafah,134747-169776:Christian Watson,134747-129458:Jaxon Smith-Njigba,134747-103619:Tre Tucker,134747-151794:Brock Bowers,134747-145558:Dalton Kincaid,134747-12537:Las Vegas Raiders
3736988273,134747-280845235,$40K Sun NFL Pooch Punt (Guaranteed Overlay!),0.05,134747-69017:Jordan Love,134747-103342:Kenneth Walker III,134747-152522:Phil Mafah,134747-169776:Christian Watson,134747-129458:Jaxon Smith-Njigba,134747-70422:Kalif Raymond,134747-87260:Isaiah Likely,134747-112295:Zay Flowers,134747-12540:Minnesota Vikings
3736988275,134747-280845235,$40K Sun NFL Pooch Punt (Guaranteed Overlay!),0.05,134747-31716:Dak Prescott,134747-91598:D'Andre Swift,134747-103342:Kenneth Walker III,134747-86631:CeeDee Lamb,134747-169776:Christian Watson,134747-70422:Kalif Raymond,134747-95370:Ryan Miller,134747-112295:Zay Flowers,134747-12528:Cincinnati Bengals
3736988277,134747-280845235,$40K Sun NFL Pooch Punt (Guaranteed Overlay!),0.05,134747-57439:Patrick Mahomes,134747-167031:Ashton Jeanty,134747-152522:Phil Mafah,134747-129458:Jaxon Smith-Njigba,134747-70422:Kalif Raymond,134747-112295:Zay Flowers,134747-151794:Brock Bowers,134747-33076:Travis Kelce,134747-12540:Minnesota Vikings
3736988278,134747-280845235,$40K Sun NFL Pooch Punt (Guaranteed Overlay!),0.05,134747-85607:Brock Purdy,134747-160620:Bhayshul Tuten,134747-188171:Jeremiyah Love,134747-169776:Christian Watson,134747-45889:Davante Adams,134747-103564:Garrett Wilson,134747-39793:George Kittle,134747-56265:Mike Gesicki,134747-12537:Las Vegas Raiders
3736988279,134747-280845235,$40K Sun NFL Pooch Punt (Guaranteed Overlay!),0.05,134747-22038:Kirk Cousins,134747-39280:Derrick Henry,134747-103342:Kenneth Walker III,134747-129458:Jaxon Smith-Njigba,134747-70422:Kalif Raymond,134747-103083:Theo Wease Jr.,134747-151794:Brock Bowers,134747-33076:Travis Kelce,134747-12527:Chicago Bears
3736988280,134747-280845235,$40K Sun NFL Pooch Punt (Guaranteed Overlay!),0.05,134747-85607:Brock Purdy,134747-91598:D'Andre Swift,134747-39280:Derrick Henry,134747-169776:Christian Watson,134747-56018:Deebo Samuel Sr.,134747-91401:Ronnie Bell,134747-56265:Mike Gesicki,134747-103342:Kenneth Walker III,134747-12528:Cincinnati Bengals
3736988282,134747-280845235,$40K Sun NFL Pooch Punt (Guaranteed Overlay!),0.05,134747-85607:Brock Purdy,134747-39280:Derrick Henry,134747-103342:Kenneth Walker III,134747-169776:Christian Watson,134747-70422:Kalif Raymond,134747-112295:Zay Flowers,134747-39793:George Kittle,134747-152522:Phil Mafah,134747-12528:Cincinnati Bengals
3736988283,134747-280845235,$40K Sun NFL Pooch Punt (Guaranteed Overlay!),0.05,134747-62239:Josh Allen,134747-103308:Jawhar Jordan,134747-103342:Kenneth Walker III,134747-86631:CeeDee Lamb,134747-129458:Jaxon Smith-Njigba,134747-70422:Kalif Raymond,134747-145558:Dalton Kincaid,134747-33076:Travis Kelce,134747-12528:Cincinnati Bengals
3736988284,134747-280845235,$40K Sun NFL Pooch Punt (Guaranteed Overlay!),0.05,134747-57439:Patrick Mahomes,134747-39280:Derrick Henry,134747-103342:Kenneth Walker III,134747-86631:CeeDee Lamb,134747-103083:Theo Wease Jr.,134747-112295:Zay Flowers,134747-184873:Kenyon Sadiq,134747-33076:Travis Kelce,134747-12528:Cincinnati Bengals
3736988285,134747-280845235,$40K Sun NFL Pooch Punt (Guaranteed Overlay!),0.05,134747-62239:Josh Allen,134747-39280:Derrick Henry,134747-103308:Jawhar Jordan,134747-169776:Christian Watson,134747-166916:Matthew Golden,134747-112295:Zay Flowers,134747-151794:Brock Bowers,134747-145558:Dalton Kincaid,134747-12537:Las Vegas Raiders
3736988287,134747-280845235,$40K Sun NFL Pooch Punt (Guaranteed Overlay!),0.05,134747-62239:Josh Allen,134747-91598:D'Andre Swift,134747-152522:Phil Mafah,134747-45889:Davante Adams,134747-129458:Jaxon Smith-Njigba,134747-70422:Kalif Raymond,134747-145558:Dalton Kincaid,134747-112295:Zay Flowers,134747-12537:Las Vegas Raiders
3736988288,134747-280845235,$40K Sun NFL Pooch Punt (Guaranteed Overlay!),0.05,134747-69017:Jordan Love,134747-91626:James Cook III,134747-103308:Jawhar Jordan,134747-86631:CeeDee Lamb,134747-129458:Jaxon Smith-Njigba,134747-166916:Matthew Golden,134747-151794:Brock Bowers,134747-56265:Mike Gesicki,134747-12528:Cincinnati Bengals
3736988289,134747-280845235,$40K Sun NFL Pooch Punt (Guaranteed Overlay!),0.05,134747-85607:Brock Purdy,134747-93541:Javonte Williams,134747-103342:Kenneth Walker III,134747-32384:Mike Evans,134747-103619:Tre Tucker,134747-112295:Zay Flowers,134747-33076:Travis Kelce,134747-47870:Tyler Higbee,134747-12540:Minnesota Vikings
3736988290,134747-280845235,$40K Sun NFL Pooch Punt (Guaranteed Overlay!),0.05,134747-31716:Dak Prescott,134747-93541:Javonte Williams,134747-188171:Jeremiyah Love,134747-86631:CeeDee Lamb,134747-45889:Davante Adams,134747-112295:Zay Flowers,134747-184873:Kenyon Sadiq,134747-56265:Mike Gesicki,134747-12537:Las Vegas Raiders
3736988291,134747-280845235,$40K Sun NFL Pooch Punt (Guaranteed Overlay!),0.05,134747-62239:Josh Allen,134747-167031:Ashton Jeanty,134747-91598:D'Andre Swift,134747-45889:Davante Adams,134747-87418:Joshua Palmer,134747-70422:Kalif Raymond,134747-56265:Mike Gesicki,134747-91750:Trey McBride,134747-12540:Minnesota Vikings
3736988292,134747-280845235,$40K Sun NFL Pooch Punt (Guaranteed Overlay!),0.05,134747-62239:Josh Allen,134747-144102:Kyle Monangai,134747-152522:Phil Mafah,134747-86631:CeeDee Lamb,134747-45889:Davante Adams,134747-112295:Zay Flowers,134747-151794:Brock Bowers,134747-145558:Dalton Kincaid,134747-12528:Cincinnati Bengals
3736988293,134747-280845235,$40K Sun NFL Pooch Punt (Guaranteed Overlay!),0.05,134747-62239:Josh Allen,134747-167031:Ashton Jeanty,134747-91626:James Cook III,134747-45889:Davante Adams,134747-70422:Kalif Raymond,134747-166916:Matthew Golden,134747-145558:Dalton Kincaid,134747-56265:Mike Gesicki,134747-12537:Las Vegas Raiders
3736988294,134747-280845235,$40K Sun NFL Pooch Punt (Guaranteed Overlay!),0.05,134747-57439:Patrick Mahomes,134747-39280:Derrick Henry,134747-152522:Phil Mafah,134747-86631:CeeDee Lamb,134747-45889:Davante Adams,134747-70422:Kalif Raymond,134747-151794:Brock Bowers,134747-33076:Travis Kelce,134747-12554:Jacksonville Jaguars
3736988295,134747-280845235,$40K Sun NFL Pooch Punt (Guaranteed Overlay!),0.05,134747-26483:Geno Smith,134747-91598:D'Andre Swift,134747-104433:Kyren Williams,134747-86631:CeeDee Lamb,134747-103564:Garrett Wilson,134747-112295:Zay Flowers,134747-151794:Brock Bowers,134747-152522:Phil Mafah,134747-12537:Las Vegas Raiders
3736988296,134747-280845235,$40K Sun NFL Pooch Punt (Guaranteed Overlay!),0.05,134747-62239:Josh Allen,134747-91626:James Cook III,134747-152522:Phil Mafah,134747-86631:CeeDee Lamb,134747-45889:Davante Adams,134747-70422:Kalif Raymond,134747-145558:Dalton Kincaid,134747-33076:Travis Kelce,134747-12540:Minnesota Vikings
3736988297,134747-280845235,$40K Sun NFL Pooch Punt (Guaranteed Overlay!),0.05,134747-62239:Josh Allen,134747-167031:Ashton Jeanty,134747-152522:Phil Mafah,134747-86631:CeeDee Lamb,134747-103564:Garrett Wilson,134747-166916:Matthew Golden,134747-151794:Brock Bowers,134747-145558:Dalton Kincaid,134747-12528:Cincinnati Bengals
3736988298,134747-280845235,$40K Sun NFL Pooch Punt (Guaranteed Overlay!),0.05,134747-85607:Brock Purdy,134747-91626:James Cook III,134747-93541:Javonte Williams,134747-45889:Davante Adams,134747-70422:Kalif Raymond,134747-112295:Zay Flowers,134747-39793:George Kittle,134747-56265:Mike Gesicki,134747-12528:Cincinnati Bengals
3736988299,134747-280845235,$40K Sun NFL Pooch Punt (Guaranteed Overlay!),0.05,134747-85607:Brock Purdy,134747-91598:D'Andre Swift,134747-39280:Derrick Henry,134747-86631:CeeDee Lamb,134747-56018:Deebo Samuel Sr.,134747-70422:Kalif Raymond,134747-145558:Dalton Kincaid,134747-184873:Kenyon Sadiq,134747-12537:Las Vegas Raiders
3736988300,134747-280845235,$40K Sun NFL Pooch Punt (Guaranteed Overlay!),0.05,134747-26483:Geno Smith,134747-167031:Ashton Jeanty,134747-91626:James Cook III,134747-45889:Davante Adams,134747-103564:Garrett Wilson,134747-70422:Kalif Raymond,134747-145558:Dalton Kincaid,134747-166916:Matthew Golden,134747-12528:Cincinnati Bengals
3736988302,134747-280845235,$40K Sun NFL Pooch Punt (Guaranteed Overlay!),0.05,134747-57439:Patrick Mahomes,134747-167031:Ashton Jeanty,134747-91598:D'Andre Swift,134747-45889:Davante Adams,134747-103564:Garrett Wilson,134747-103083:Theo Wease Jr.,134747-33076:Travis Kelce,134747-91626:James Cook III,134747-12528:Cincinnati Bengals
3736988304,134747-280845235,$40K Sun NFL Pooch Punt (Guaranteed Overlay!),0.05,134747-62239:Josh Allen,134747-91598:D'Andre Swift,134747-39280:Derrick Henry,134747-86631:CeeDee Lamb,134747-103083:Theo Wease Jr.,134747-103539:Wan'Dale Robinson,134747-145558:Dalton Kincaid,134747-33076:Travis Kelce,134747-12540:Minnesota Vikings
3736988306,134747-280845235,$40K Sun NFL Pooch Punt (Guaranteed Overlay!),0.05,134747-57439:Patrick Mahomes,134747-160620:Bhayshul Tuten,134747-39280:Derrick Henry,134747-45889:Davante Adams,134747-103564:Garrett Wilson,134747-70422:Kalif Raymond,134747-184873:Kenyon Sadiq,134747-33076:Travis Kelce,134747-12541:New England Patriots
3736988307,134747-280845235,$40K Sun NFL Pooch Punt (Guaranteed Overlay!),0.05,134747-62239:Josh Allen,134747-91626:James Cook III,134747-104433:Kyren Williams,134747-63043:DJ Moore,134747-103564:Garrett Wilson,134747-70422:Kalif Raymond,134747-39793:George Kittle,134747-56265:Mike Gesicki,134747-12537:Las Vegas Raiders
3736988308,134747-280845235,$40K Sun NFL Pooch Punt (Guaranteed Overlay!),0.05,134747-85607:Brock Purdy,134747-167031:Ashton Jeanty,134747-104433:Kyren Williams,134747-92890:Cody White,134747-45889:Davante Adams,134747-103564:Garrett Wilson,134747-39793:George Kittle,134747-184873:Kenyon Sadiq,134747-12537:Las Vegas Raiders
3736988309,134747-280845235,$40K Sun NFL Pooch Punt (Guaranteed Overlay!),0.05,134747-62239:Josh Allen,134747-167031:Ashton Jeanty,134747-91626:James Cook III,134747-45889:Davante Adams,134747-103564:Garrett Wilson,134747-87418:Joshua Palmer,134747-184873:Kenyon Sadiq,134747-70422:Kalif Raymond,134747-12537:Las Vegas Raiders
3736988310,134747-280845235,$40K Sun NFL Pooch Punt (Guaranteed Overlay!),0.05,134747-57439:Patrick Mahomes,134747-91626:James Cook III,134747-104433:Kyren Williams,134747-45889:Davante Adams,134747-166916:Matthew Golden,134747-137516:Parker Washington,134747-56265:Mike Gesicki,134747-33076:Travis Kelce,134747-12548:Los Angeles Chargers
3736988312,134747-280845235,$40K Sun NFL Pooch Punt (Guaranteed Overlay!),0.05,134747-30231:Jacoby Brissett,134747-91598:D'Andre Swift,134747-144102:Kyle Monangai,134747-86631:CeeDee Lamb,134747-90576:DeVonta Smith,134747-63634:Jakobi Meyers,134747-33076:Travis Kelce,134747-91750:Trey McBride,134747-12540:Minnesota Vikings
3736988313,134747-280845235,$40K Sun NFL Pooch Punt (Guaranteed Overlay!),0.05,134747-22038:Kirk Cousins,134747-167031:Ashton Jeanty,134747-91598:D'Andre Swift,134747-92890:Cody White,134747-45889:Davante Adams,134747-103564:Garrett Wilson,134747-33076:Travis Kelce,134747-91750:Trey McBride,134747-12554:Jacksonville Jaguars
3736988314,134747-280845235,$40K Sun NFL Pooch Punt (Guaranteed Overlay!),0.05,134747-31716:Dak Prescott,134747-73273:David Montgomery,134747-91626:James Cook III,134747-86631:CeeDee Lamb,134747-45889:Davante Adams,134747-166916:Matthew Golden,134747-56265:Mike Gesicki,134747-103083:Theo Wease Jr.,134747-12540:Minnesota Vikings
3736988315,134747-280845235,$40K Sun NFL Pooch Punt (Guaranteed Overlay!),0.05,134747-57439:Patrick Mahomes,134747-91626:James Cook III,134747-93541:Javonte Williams,134747-45889:Davante Adams,134747-103564:Garrett Wilson,134747-103619:Tre Tucker,134747-184873:Kenyon Sadiq,134747-33076:Travis Kelce,134747-12554:Jacksonville Jaguars
3736988316,134747-280845235,$40K Sun NFL Pooch Punt (Guaranteed Overlay!),0.05,134747-85607:Brock Purdy,134747-91626:James Cook III,134747-93541:Javonte Williams,134747-86631:CeeDee Lamb,134747-56018:Deebo Samuel Sr.,134747-166916:Matthew Golden,134747-55042:Dalton Schultz,134747-184873:Kenyon Sadiq,134747-12537:Las Vegas Raiders
3736988317,134747-280845235,$40K Sun NFL Pooch Punt (Guaranteed Overlay!),0.05,134747-57439:Patrick Mahomes,134747-55050:Christian McCaffrey,134747-91598:D'Andre Swift,134747-45889:Davante Adams,134747-137516:Parker Washington,134747-103619:Tre Tucker,134747-184873:Kenyon Sadiq,134747-33076:Travis Kelce,134747-12541:New England Patriots
3736988318,134747-280845235,$40K Sun NFL Pooch Punt (Guaranteed Overlay!),0.05,134747-85607:Brock Purdy,134747-91598:D'Andre Swift,134747-188171:Jeremiyah Love,134747-86631:CeeDee Lamb,134747-45889:Davante Adams,134747-166916:Matthew Golden,134747-39793:George Kittle,134747-95370:Ryan Miller,134747-12527:Chicago Bears
3736988319,134747-280845235,$40K Sun NFL Pooch Punt (Guaranteed Overlay!),0.05,134747-57439:Patrick Mahomes,134747-89493:Chase Brown,134747-152647:TreVeyon Henderson,134747-86631:CeeDee Lamb,134747-103564:Garrett Wilson,134747-166916:Matthew Golden,134747-184873:Kenyon Sadiq,134747-33076:Travis Kelce,134747-12540:Minnesota Vikings
3736988320,134747-280845235,$40K Sun NFL Pooch Punt (Guaranteed Overlay!),0.05,134747-22038:Kirk Cousins,134747-167031:Ashton Jeanty,134747-55050:Christian McCaffrey,134747-166916:Matthew Golden,134747-137516:Parker Washington,134747-103619:Tre Tucker,134747-145558:Dalton Kincaid,134747-91598:D'Andre Swift,134747-12527:Chicago Bears
3736988321,134747-280845235,$40K Sun NFL Pooch Punt (Guaranteed Overlay!),0.05,134747-85607:Brock Purdy,134747-91598:D'Andre Swift,134747-188171:Jeremiyah Love,134747-86631:CeeDee Lamb,134747-103564:Garrett Wilson,134747-134014:Jordan Watkins,134747-145558:Dalton Kincaid,134747-184873:Kenyon Sadiq,134747-12540:Minnesota Vikings
3736988323,134747-280845235,$40K Sun NFL Pooch Punt (Guaranteed Overlay!),0.05,134747-57439:Patrick Mahomes,134747-91598:D'Andre Swift,134747-91626:James Cook III,134747-86631:CeeDee Lamb,134747-137516:Parker Washington,134747-103083:Theo Wease Jr.,134747-33076:Travis Kelce,134747-91750:Trey McBride,134747-12554:Jacksonville Jaguars
3736988325,134747-280845235,$40K Sun NFL Pooch Punt (Guaranteed Overlay!),0.05,134747-69017:Jordan Love,134747-91598:D'Andre Swift,134747-104433:Kyren Williams,134747-45889:Davante Adams,134747-103564:Garrett Wilson,134747-166916:Matthew Golden,134747-184873:Kenyon Sadiq,134747-103619:Tre Tucker,134747-12554:Jacksonville Jaguars
3736988326,134747-280845235,$40K Sun NFL Pooch Punt (Guaranteed Overlay!),0.05,134747-85607:Brock Purdy,134747-91598:D'Andre Swift,134747-104433:Kyren Williams,134747-56018:Deebo Samuel Sr.,134747-137516:Parker Washington,134747-103619:Tre Tucker,134747-145558:Dalton Kincaid,134747-184873:Kenyon Sadiq,134747-12540:Minnesota Vikings
3736988327,134747-280845235,$40K Sun NFL Pooch Punt (Guaranteed Overlay!),0.05,134747-6654:Matthew Stafford,134747-167031:Ashton Jeanty,134747-91598:D'Andre Swift,134747-45889:Davante Adams,134747-103564:Garrett Wilson,134747-103619:Tre Tucker,134747-184873:Kenyon Sadiq,134747-33076:Travis Kelce,134747-12554:Jacksonville Jaguars
3736988328,134747-280845235,$40K Sun NFL Pooch Punt (Guaranteed Overlay!),0.05,134747-85607:Brock Purdy,134747-160620:Bhayshul Tuten,134747-91626:James Cook III,134747-103564:Garrett Wilson,134747-166916:Matthew Golden,134747-137516:Parker Washington,134747-39793:George Kittle,134747-33076:Travis Kelce,134747-12548:Los Angeles Chargers
3736988329,134747-280845235,$40K Sun NFL Pooch Punt (Guaranteed Overlay!),0.05,134747-57439:Patrick Mahomes,134747-93541:Javonte Williams,134747-104433:Kyren Williams,134747-45889:Davante Adams,134747-103564:Garrett Wilson,134747-137516:Parker Washington,134747-95370:Ryan Miller,134747-33076:Travis Kelce,134747-12541:New England Patriots
3736988330,134747-280845235,$40K Sun NFL Pooch Punt (Guaranteed Overlay!),0.05,134747-85607:Brock Purdy,134747-167031:Ashton Jeanty,134747-91626:James Cook III,134747-137516:Parker Washington,134747-89981:Tee Higgins,134747-103083:Theo Wease Jr.,134747-39793:George Kittle,134747-184873:Kenyon Sadiq,134747-12540:Minnesota Vikings
3736988331,134747-280845235,$40K Sun NFL Pooch Punt (Guaranteed Overlay!),0.05,134747-6654:Matthew Stafford,134747-167031:Ashton Jeanty,134747-91598:D'Andre Swift,134747-90576:DeVonta Smith,134747-103564:Garrett Wilson,134747-166916:Matthew Golden,134747-39793:George Kittle,134747-47870:Tyler Higbee,134747-12554:Jacksonville Jaguars
3736988333,134747-280845235,$40K Sun NFL Pooch Punt (Guaranteed Overlay!),0.05,134747-6654:Matthew Stafford,134747-167031:Ashton Jeanty,134747-91598:D'Andre Swift,134747-90576:DeVonta Smith,134747-56018:Deebo Samuel Sr.,134747-103619:Tre Tucker,134747-47870:Tyler Higbee,134747-104433:Kyren Williams,134747-12554:Jacksonville Jaguars
3736988335,134747-280845235,$40K Sun NFL Pooch Punt (Guaranteed Overlay!),0.05,134747-85607:Brock Purdy,134747-73273:David Montgomery,134747-188171:Jeremiyah Love,134747-90576:DeVonta Smith,134747-56018:Deebo Samuel Sr.,134747-103564:Garrett Wilson,134747-145558:Dalton Kincaid,134747-166916:Matthew Golden,134747-12554:Jacksonville Jaguars
3736988336,134747-280845235,$40K Sun NFL Pooch Punt (Guaranteed Overlay!),0.05,134747-85607:Brock Purdy,134747-167031:Ashton Jeanty,134747-93541:Javonte Williams,134747-56018:Deebo Samuel Sr.,134747-103564:Garrett Wilson,134747-137516:Parker Washington,134747-89680:Jake Ferguson,134747-103083:Theo Wease Jr.,134747-12540:Minnesota Vikings
3736988337,134747-280845235,$40K Sun NFL Pooch Punt (Guaranteed Overlay!),0.05,134747-85607:Brock Purdy,134747-91626:James Cook III,134747-93541:Javonte Williams,134747-56018:Deebo Samuel Sr.,134747-103564:Garrett Wilson,134747-103619:Tre Tucker,134747-39793:George Kittle,134747-87260:Isaiah Likely,134747-12554:Jacksonville Jaguars
3736988338,134747-280845235,$40K Sun NFL Pooch Punt (Guaranteed Overlay!),0.05,134747-57439:Patrick Mahomes,134747-91626:James Cook III,134747-188171:Jeremiyah Love,134747-90576:DeVonta Smith,134747-103564:Garrett Wilson,134747-111311:Rashee Rice,134747-87260:Isaiah Likely,134747-89680:Jake Ferguson,134747-12554:Jacksonville Jaguars
3736988339,134747-280845235,$40K Sun NFL Pooch Punt (Guaranteed Overlay!),0.05,134747-69017:Jordan Love,134747-167031:Ashton Jeanty,134747-91626:James Cook III,134747-166916:Matthew Golden,134747-137516:Parker Washington,134747-103083:Theo Wease Jr.,134747-91750:Trey McBride,134747-93541:Javonte Williams,134747-12554:Jacksonville Jaguars
3736988341,134747-280845235,$40K Sun NFL Pooch Punt (Guaranteed Overlay!),0.05,134747-57439:Patrick Mahomes,134747-40442:Aaron Jones Sr.,134747-183240:Cam Skattebo,134747-103564:Garrett Wilson,134747-133472:Ladd McConkey,134747-111311:Rashee Rice,134747-145558:Dalton Kincaid,134747-55042:Dalton Schultz,134747-12540:Minnesota Vikings
3736988342,134747-280845235,$40K Sun NFL Pooch Punt (Guaranteed Overlay!),0.05,134747-85607:Brock Purdy,134747-167031:Ashton Jeanty,134747-104433:Kyren Williams,134747-103564:Garrett Wilson,134747-32384:Mike Evans,134747-103083:Theo Wease Jr.,134747-145558:Dalton Kincaid,134747-184873:Kenyon Sadiq,134747-12540:Minnesota Vikings
3736988343,134747-280845235,$40K Sun NFL Pooch Punt (Guaranteed Overlay!),0.05,134747-57439:Patrick Mahomes,134747-167031:Ashton Jeanty,134747-55050:Christian McCaffrey,134747-56018:Deebo Samuel Sr.,134747-89981:Tee Higgins,134747-89220:Tyquan Thornton,134747-184873:Kenyon Sadiq,134747-104433:Kyren Williams,134747-12548:Los Angeles Chargers
3736988344,134747-280845235,$40K Sun NFL Pooch Punt (Guaranteed Overlay!),0.05,134747-69017:Jordan Love,134747-55050:Christian McCaffrey,134747-73273:David Montgomery,134747-166916:Matthew Golden,134747-137516:Parker Washington,134747-103619:Tre Tucker,134747-39793:George Kittle,134747-188171:Jeremiyah Love,134747-12541:New England Patriots
3736988345,134747-280845235,$40K Sun NFL Pooch Punt (Guaranteed Overlay!),0.05,134747-85607:Brock Purdy,134747-91626:James Cook III,134747-86875:Jordan Mason,134747-103564:Garrett Wilson,134747-166916:Matthew Golden,134747-137516:Parker Washington,134747-145558:Dalton Kincaid,134747-91750:Trey McBride,134747-12540:Minnesota Vikings
3736988346,134747-280845235,$40K Sun NFL Pooch Punt (Guaranteed Overlay!),0.05,134747-85607:Brock Purdy,134747-167031:Ashton Jeanty,134747-55050:Christian McCaffrey,134747-38264:Demarcus Robinson,134747-103564:Garrett Wilson,134747-137516:Parker Washington,134747-184873:Kenyon Sadiq,134747-104433:Kyren Williams,134747-12548:Los Angeles Chargers
3736988347,134747-280845235,$40K Sun NFL Pooch Punt (Guaranteed Overlay!),0.05,134747-22038:Kirk Cousins,134747-103064:Breece Hall,134747-86875:Jordan Mason,134747-85701:Ja'Marr Chase,134747-166916:Matthew Golden,134747-137516:Parker Washington,134747-39793:George Kittle,134747-91750:Trey McBride,134747-12540:Minnesota Vikings
3736988348,134747-280845235,$40K Sun NFL Pooch Punt (Guaranteed Overlay!),0.05,134747-85607:Brock Purdy,134747-55050:Christian McCaffrey,134747-93541:Javonte Williams,134747-166916:Matthew Golden,134747-137516:Parker Washington,134747-89981:Tee Higgins,134747-55042:Dalton Schultz,134747-86875:Jordan Mason,134747-12540:Minnesota Vikings
3736988349,134747-280845235,$40K Sun NFL Pooch Punt (Guaranteed Overlay!),0.05,134747-22038:Kirk Cousins,134747-167031:Ashton Jeanty,134747-55050:Christian McCaffrey,134747-38264:Demarcus Robinson,134747-103564:Garrett Wilson,134747-166916:Matthew Golden,134747-39793:George Kittle,134747-91750:Trey McBride,134747-12554:Jacksonville Jaguars
3736988350,134747-280845235,$40K Sun NFL Pooch Punt (Guaranteed Overlay!),0.05,134747-31716:Dak Prescott,134747-167031:Ashton Jeanty,134747-40687:James Conner,134747-90576:DeVonta Smith,134747-103564:Garrett Wilson,134747-137516:Parker Washington,134747-91467:Jake Tonges,134747-91626:James Cook III,134747-12540:Minnesota Vikings
3736988351,134747-280845235,$40K Sun NFL Pooch Punt (Guaranteed Overlay!),0.05,134747-57439:Patrick Mahomes,134747-167031:Ashton Jeanty,134747-91626:James Cook III,134747-90576:DeVonta Smith,134747-38264:Demarcus Robinson,134747-103619:Tre Tucker,134747-91750:Trey McBride,134747-93541:Javonte Williams,134747-12527:Chicago Bears
3736988354,134747-280845235,$40K Sun NFL Pooch Punt (Guaranteed Overlay!),0.05,134747-31716:Dak Prescott,134747-55050:Christian McCaffrey,134747-93541:Javonte Williams,134747-63634:Jakobi Meyers,134747-85671:Justin Jefferson,134747-103619:Tre Tucker,134747-39793:George Kittle,134747-184873:Kenyon Sadiq,134747-12554:Jacksonville Jaguars
3736988355,134747-280845235,$40K Sun NFL Pooch Punt (Guaranteed Overlay!),0.05,134747-6654:Matthew Stafford,134747-167031:Ashton Jeanty,134747-91626:James Cook III,134747-85701:Ja'Marr Chase,134747-63634:Jakobi Meyers,134747-166916:Matthew Golden,134747-145558:Dalton Kincaid,134747-86875:Jordan Mason,134747-12540:Minnesota Vikings
3736988356,134747-280845235,$40K Sun NFL Pooch Punt (Guaranteed Overlay!),0.05,134747-57439:Patrick Mahomes,134747-91626:James Cook III,134747-93541:Javonte Williams,134747-56018:Deebo Samuel Sr.,134747-38264:Demarcus Robinson,134747-137516:Parker Washington,134747-184873:Kenyon Sadiq,134747-104433:Kyren Williams,134747-12554:Jacksonville Jaguars
3736988357,134747-280845235,$40K Sun NFL Pooch Punt (Guaranteed Overlay!),0.05,134747-85607:Brock Purdy,134747-167031:Ashton Jeanty,134747-91626:James Cook III,134747-60858:Christian Kirk,134747-90576:DeVonta Smith,134747-103564:Garrett Wilson,134747-145558:Dalton Kincaid,134747-87260:Isaiah Likely,134747-12540:Minnesota Vikings
3736988359,134747-280845235,$40K Sun NFL Pooch Punt (Guaranteed Overlay!),0.05,134747-57439:Patrick Mahomes,134747-167031:Ashton Jeanty,134747-91626:James Cook III,134747-90576:DeVonta Smith,134747-85671:Justin Jefferson,134747-89612:Michael Wilson,134747-145558:Dalton Kincaid,134747-86875:Jordan Mason,134747-12554:Jacksonville Jaguars
3736988360,134747-280845235,$40K Sun NFL Pooch Punt (Guaranteed Overlay!),0.05,134747-85607:Brock Purdy,134747-167031:Ashton Jeanty,134747-91626:James Cook III,134747-90576:DeVonta Smith,134747-56018:Deebo Samuel Sr.,134747-103619:Tre Tucker,134747-91750:Trey McBride,134747-86875:Jordan Mason,134747-12554:Jacksonville Jaguars
3736988362,134747-280845235,$40K Sun NFL Pooch Punt (Guaranteed Overlay!),0.05,134747-57439:Patrick Mahomes,134747-86875:Jordan Mason,134747-104433:Kyren Williams,134747-85701:Ja'Marr Chase,134747-137516:Parker Washington,134747-89981:Tee Higgins,134747-39793:George Kittle,134747-184873:Kenyon Sadiq,134747-12540:Minnesota Vikings
3736988363,134747-280845235,$40K Sun NFL Pooch Punt (Guaranteed Overlay!),0.05,134747-63115:Lamar Jackson,134747-167031:Ashton Jeanty,134747-91626:James Cook III,134747-90576:DeVonta Smith,134747-137516:Parker Washington,134747-89981:Tee Higgins,134747-145558:Dalton Kincaid,134747-86875:Jordan Mason,134747-12527:Chicago Bears
3736988365,134747-280845235,$40K Sun NFL Pooch Punt (Guaranteed Overlay!),0.05,134747-57439:Patrick Mahomes,134747-167031:Ashton Jeanty,134747-55050:Christian McCaffrey,134747-38264:Demarcus Robinson,134747-89981:Tee Higgins,134747-103619:Tre Tucker,134747-39793:George Kittle,134747-91626:James Cook III,134747-12527:Chicago Bears
3736988367,134747-280845235,$40K Sun NFL Pooch Punt (Guaranteed Overlay!),0.05,134747-85607:Brock Purdy,134747-91626:James Cook III,134747-104433:Kyren Williams,134747-103564:Garrett Wilson,134747-102796:Ricky Pearsall,134747-89981:Tee Higgins,134747-145558:Dalton Kincaid,134747-91750:Trey McBride,134747-12551:Tampa Bay Buccaneers
3736988370,134747-280845235,$40K Sun NFL Pooch Punt (Guaranteed Overlay!),0.05,134747-85607:Brock Purdy,134747-55050:Christian McCaffrey,134747-40687:James Conner,134747-90576:DeVonta Smith,134747-103564:Garrett Wilson,134747-89981:Tee Higgins,134747-184873:Kenyon Sadiq,134747-93541:Javonte Williams,134747-12541:New England Patriots
3736988372,134747-280845235,$40K Sun NFL Pooch Punt (Guaranteed Overlay!),0.05,134747-85607:Brock Purdy,134747-167031:Ashton Jeanty,134747-55050:Christian McCaffrey,134747-38264:Demarcus Robinson,134747-103564:Garrett Wilson,134747-103619:Tre Tucker,134747-184873:Kenyon Sadiq,134747-91626:James Cook III,134747-12554:Jacksonville Jaguars
3736988373,134747-280845235,$40K Sun NFL Pooch Punt (Guaranteed Overlay!),0.05,134747-6654:Matthew Stafford,134747-167031:Ashton Jeanty,134747-55050:Christian McCaffrey,134747-90576:DeVonta Smith,134747-38264:Demarcus Robinson,134747-103619:Tre Tucker,134747-39793:George Kittle,134747-91626:James Cook III,134747-12551:Tampa Bay Buccaneers
3736988374,134747-280845235,$40K Sun NFL Pooch Punt (Guaranteed Overlay!),0.05,134747-85607:Brock Purdy,134747-167031:Ashton Jeanty,134747-55050:Christian McCaffrey,134747-90576:DeVonta Smith,134747-38264:Demarcus Robinson,134747-89981:Tee Higgins,134747-184873:Kenyon Sadiq,134747-91750:Trey McBride,134747-12541:New England Patriots
3736988375,134747-280845235,$40K Sun NFL Pooch Punt (Guaranteed Overlay!),0.05,134747-85607:Brock Purdy,134747-160620:Bhayshul Tuten,134747-86875:Jordan Mason,134747-90576:DeVonta Smith,134747-85701:Ja'Marr Chase,134747-103619:Tre Tucker,134747-39793:George Kittle,134747-91750:Trey McBride,134747-12541:New England Patriots
3736988377,134747-280845235,$40K Sun NFL Pooch Punt (Guaranteed Overlay!),0.05,134747-85607:Brock Purdy,134747-55050:Christian McCaffrey,134747-104433:Kyren Williams,134747-90576:DeVonta Smith,134747-63634:Jakobi Meyers,134747-103619:Tre Tucker,134747-184873:Kenyon Sadiq,134747-91750:Trey McBride,134747-12548:Los Angeles Chargers
3736988378,134747-280845235,$40K Sun NFL Pooch Punt (Guaranteed Overlay!),0.05,134747-31716:Dak Prescott,134747-55050:Christian McCaffrey,134747-40687:James Conner,134747-90576:DeVonta Smith,134747-137516:Parker Washington,134747-103619:Tre Tucker,134747-91750:Trey McBride,134747-104433:Kyren Williams,134747-12551:Tampa Bay Buccaneers
3736988379,134747-280845235,$40K Sun NFL Pooch Punt (Guaranteed Overlay!),0.05,134747-57439:Patrick Mahomes,134747-55050:Christian McCaffrey,134747-91626:James Cook III,134747-90576:DeVonta Smith,134747-56018:Deebo Samuel Sr.,134747-103619:Tre Tucker,134747-39793:George Kittle,134747-86875:Jordan Mason,134747-12554:Jacksonville Jaguars
3736988380,134747-280845235,$40K Sun NFL Pooch Punt (Guaranteed Overlay!),0.05,134747-57439:Patrick Mahomes,134747-103064:Breece Hall,134747-55050:Christian McCaffrey,134747-90576:DeVonta Smith,134747-102796:Ricky Pearsall,134747-89981:Tee Higgins,134747-87260:Isaiah Likely,134747-104433:Kyren Williams,134747-12541:New England Patriots
3736988382,134747-280845235,$40K Sun NFL Pooch Punt (Guaranteed Overlay!),0.05,134747-63115:Lamar Jackson,134747-55050:Christian McCaffrey,134747-188171:Jeremiyah Love,134747-38264:Demarcus Robinson,134747-137516:Parker Washington,134747-103619:Tre Tucker,134747-39793:George Kittle,134747-91750:Trey McBride,134747-12554:Jacksonville Jaguars
3736988383,134747-280845235,$40K Sun NFL Pooch Punt (Guaranteed Overlay!),0.05,134747-6654:Matthew Stafford,134747-93541:Javonte Williams,134747-86875:Jordan Mason,134747-90576:DeVonta Smith,134747-56018:Deebo Samuel Sr.,134747-89981:Tee Higgins,134747-39793:George Kittle,134747-104433:Kyren Williams,134747-12549:San Francisco 49ers
3736988384,134747-280845235,$40K Sun NFL Pooch Punt (Guaranteed Overlay!),0.05,134747-57439:Patrick Mahomes,134747-55050:Christian McCaffrey,134747-86875:Jordan Mason,134747-90576:DeVonta Smith,134747-63634:Jakobi Meyers,134747-85671:Justin Jefferson,134747-39793:George Kittle,134747-91750:Trey McBride,134747-12541:New England Patriots
3736988385,134747-280845235,$40K Sun NFL Pooch Punt (Guaranteed Overlay!),0.05,134747-57439:Patrick Mahomes,134747-55050:Christian McCaffrey,134747-93541:Javonte Williams,134747-56018:Deebo Samuel Sr.,134747-32384:Mike Evans,134747-103619:Tre Tucker,134747-91750:Trey McBride,134747-86875:Jordan Mason,134747-12527:Chicago Bears
